{
  "train_loss": [
    0.15258661995641887,
    0.002521782875992358,
    0.0015121021529193967
  ],
  "train_accuracy": [
    0.949375,
    1.0,
    1.0
  ],
  "val_loss": [
    0.003223266076439848,
    0.0013671166335160916,
    0.00106888284566454
  ],
  "val_accuracy": [
    1.0,
    1.0,
    1.0
  ],
  "val_f1": [
    1.0,
    1.0,
    1.0
  ]
}